,text,link
12,Personal Loan,/personal-loan
13,Flexi Loan,/flexi-loans
14,Personal Loan for Wedding,/personal-loan-for-wedding
15,Personal Loan for Travel,/personal-loan-for-travel
16,Personal Loan for Medical Emergency,/personal-loan-for-medical-emergency
17,Contact Us,/personal-loan-contact-details
18,Apply Now,/home-loan-form
19,Home Loan,/home-loan
20,Pradhan Mantri Awas Yojana,/home-loan-pradhan-mantri-awas-yojana
21,Home Loan Balance Transfer,/home-loan-balance-transfer
22,Top Up Loan,/top-up-loan
23,EHome Loan,/e-home-loan
36,Apply Now,/business-loan-form
37,Business Loan Against Property,/secured-business-loan
38,Working Capital Loan,/working-capital-loan
39,Machinery Loan,/equipment-machinery-loan
40,Business Loan For Women,/business-loan-for-women
41,SME MSME  Loan,/sme-msme-loan
42,Personal Loan For Self Employed,/personal-loan-for-self-employed
43,Term Loan,/business-term-loans
44,Startup Business Loans,/start-up-business-loans
45,Channel Financing,/channel-financing
46,Invoice Finance,/invoice-financing
47,Mortgage Loan,/mortgage-loan
48,Loan Against Property Eligibility,/loan-against-property-eligibility-and-documents
49,Reviews,/loan-against-property-reviews
50,Education Loan on Property,/education-loan-on-property
51,Check PreApproved Offer,apply-for-credit-card?utm_source=Website&utm_medium=Organic&utm_campaign=apply__now
52,New,apply-for-credit-card?utm_source=Website&utm_medium=Organic&utm_campaign=apply__now
53,Product Info,/super-card
54,How to Apply,/how-to-apply-for-a-credit-card
55,Contact Us,/credit-card-contact-details
68,Apply Now,/apply-for-doctor-loan
69,Personal Loan for Doctors,/personal-loan-for-doctors
70,Business Loan for Doctors,/business-loan-for-doctors
71,Loan Against Property For Doctors,/loan-against-property-for-doctors
72,Indemnity Insurance,/professional-indemnity-insurance-policy-for-doctors
73,New,/professional-indemnity-insurance-policy-for-doctors
75,Apply Now,/chartered-accountant-loan-application-form
76,Personal Loan For Chartered Accountants,/personal-loan-for-chartered-accountants
77,Business Loan For Chartered Accountants,/business-loan-for-chartered-accountants
78,Loan Against Property For Chartered Accountants,/loan-against-property-chartered-accountants
91,Apply Now,/loan-against-car-application-form
92,New,/loan-against-car-application-form
93,Product Information,/loan-against-car
94,FAQ's,/loan-against-car-faqs
95,Check Preapproved Offer,/pre-approved-personal-loan-offer
96,Personal Loan EMI Calculator,/personal-loan-emi-calculator
97,Personal Loan Eligibility Calculator,/personal-loan-eligibility-calculator
98,Personal Loan Interest Rate,/personal-loan-processing-fees-and-interest-rates
99,Hybrid Flexi Personal Loan EMI Calculator,/hybrid-flexi-personal-loan-emi-calculator
100,Flexi Personal Loan,/flexi-loans
101,FAQs,/personal-loan-faq-questions
102,Contact Us,/personal-loan-contact-details
103,Check Preapproved Offer,/check-pre-approved-doctors-loan-offer
104,New,/check-pre-approved-doctors-loan-offer
105,Personal Loan for Doctors,/personal-loan-for-doctors
106,Business Loan for Doctors,/business-loan-for-doctors
107,Loan Against Property For Doctors,/loan-against-property-for-doctors
108,Loan Against Car,/loan-against-car
109,New,/loan-against-car
110,Balance Transfer and Topup,/car-loan-balance-transfer-and-top-up
111,New,/car-loan-balance-transfer-and-top-up
112,Used Car Finance,/used-car-finance
113,Hybrid Flexi Car Loan,/used-car-finance-with-hybrid-flexi-facility
114,New,/used-car-finance-with-hybrid-flexi-facility
115,Product Information,/loan-against-fixed-deposit
116,FAQs,/loan-against-fixed-deposit-faq-questionss
117,Features and Benefits,/fixed-deposit
118,Fixed Deposit Calculator,/fixed-deposit-calculators
119,FD Interest Rates,/fixed-deposit-fees-and-interest-rates
120,Senior Citizen FD,/fixed-deposit-for-senior-citizen
121,FD Eligibility  Required Documents,/fixed-deposit-eligibility-and-documents
122,FAQs,/fixed-deposit-faq
124,National Pension Scheme,/fixed-deposit/nps-national-pension-scheme
125,PF,/all-about-pf-provident-funds
133,SuperCard,/super-card
134,Credit Card,/credit-card
135,Credit Card Eligibility Criteria,/credit-card-eligibility-and-documents
136,Track Credit Card Application Status,/track-credit-card-application-status
137,Credit Card Bill Payment,/credit-card-bill-payment
138,Credit Card Offers,/credit-card-offers
139,Credit Card Contact Details,/rbl-credit-card-contact-details
140,Bajaj Finserv Health,/healthcare-services-by-bajaj-finserv-health
141,COVID,/covid-19-symptoms-preventions-and-treatment
143,How to Open demat account,/insights/how-to-open-demat-account
144,Eligibility and Documents,/eligibility-and-documents-required-to-open-demat-and-trading-account
145,Fees and Charges,/demat-trading-account-fees-and-charges
146,Low Brokerage Demat and Trading Account,/low-brokerage-trading-and-demat-account
148,IPO,/upcoming-ipo
162,FAQs,/health-insurances-faq-questions
163,Product Information,/health-insurance
164,Product Information,/car-insurance
165,Third Party Car Insurance,/third-party-car-insurance
166,FAQs,/car-insurance-frequently-asked-questions
167,Product Information,/home-insurance
168,FAQs,/home-insurances-faq-questions
169,Product Information,/life-insurance-child-plans
170,Product Information,/life-insurance-savings-plans
171,COVID Protection Cover,/covid-19-protection-cover
172,Mobile Protection Plan,/mobile-screen-insurance
173,Wallet Care,/wallet-protect-card-protection-insurance-plan
174,Key Safeguard,/key-replacement-insurance-cover
175,Eyewear Assure,/eyewear-assure
176,Cycle Insurance,/cycle-insurance-cover
177,Cyber Security Cover,/cyber-security-cover
178,COVID Protection Cover,/covid-19-protection-cover
179,Key Safeguard,/key-replacement-insurance-cover
180,Handbag Assure,/handbag-assure
181,Dance Accident Insurance,/dance-accident-insurance
182,Product Information,/extended-warranty
183,FAQs,/extended-warranty-faq
184,Coverage Details,/open-extended-warranty-coverage
185,Product Information,/bajaj-finserv-wallet-digital-emi-network-card
186,Reviews,/bajaj-finserv-wallet-reviews
187,Contact Us,/bajaj-finserv-wallet-contact-us
188,Insta Credit,/insta-credit-on-emi-card
225,Travel on No Cost EMI,/no-cost-emi-on-makemytrip?utm_source=HotOffers&utm_medium=TravelonEMI
239,BLUESTAR,/emi-network-bluestar-air-conditioners
240,GODREJ,/emi-network-godrej-air-conditioners
241,HAIER,/emi-network-haier-air-conditioners
242,HITACHI,/emi-network-hitachi-air-conditioners
243,LG,/emi-network-lg-air-conditioners
244,LLOYD,/emi-network-lloyd-air-conditioners
245,ONIDA,/emi-network-onida-ac
246,VOLTAS,/emi-network-voltas-air-conditioners
247,WHIRLPOOL,/emi-network-whirlpool-air-conditioners
248,TCL,/emi-network-tcl-air-conditioners
249,O GENERAL,/emi-network-eta-o-general-air-conditioners
250,LENOVO,/emi-network-lenovo-laptops
251,IBALL,/emi-network-iball-laptops
252,HP,/emi-network-hp-laptop
253,DELL,/emi-network-dell-laptop
254,ASUS,/emi-network-asus-laptops
255,HAIER,/emi-network-haier-led-tv
256,LG,/emi-network-lg-televisions
257,LLOYD,/emi-network-lloyd-television
258,ONIDA,/emi-network-onida-tv
259,SAMSUNG,/emi-network-samsung-tv
260,SONY,/emi-network-sony-led-tv
261,TCL,/emi-network-tcl-televisions
262,VU,/emi-network-vu-tv
263,Insta EMI Card,/insta-emi-network-card-apply-online
264,Features and Benefits,/emi-network-emi-card
265,Eligibility and Documents,/emi-network-emi-card-eligibility
266,EMI Without Credit Card,/emi-network-emi-without-credit-card
267,Reviews and Ratings,/emi-network-emi-card-reviews
268,FAQs,/emi-network-emi-card-faq
269,Contact Us,/emi-network-emi-card-contact-details
270,Future Group EMI Card,/future-group-co-branded-emi-network
286,Features and Benefits,/emi-network-health-emi-card
287,Eligibility and Documents,/emi-network-health-emi-card-eligibility
288,Reviews and Ratings,/emi-network-health-emi-card-reviews
289,Contact Us,/emi-network-health-emi-card-contact-details
290,Flipkart,/shop-online-flipkart
291,Amazon,/shop-online-amazon
292,Samsung,/shop-online-samsung
293,micom,/shop-online-mi
294,Vivo,/shop-online-vivo
295,Realme,/shop-online-realme
296,OnePlus,/shop-online-oneplus
297,Oppo,/shop-online-oppo
298,iQOO,/shop-online-iqoo
299,Zebrscom,/shop-online-zebrs
300,Zebrscom,/shop-online-zebrs
301,Flipkart,/shop-online-flipkart
302,Amazon,/shop-online-amazon
303,Air Conditioners,/emi-network-ac-air-conditioner
304,Air Coolers,/emi-network-air-cooler-on-emi
305,Refrigerators,/emi-network-refrigerator-on-emi
306,Washing Machine,/emi-network-washing-machine-on-emi
307,Inverters  Generators,/emi-network-invertors-on-emi
308,Printers,/emi-network-printers-on-emi
309,Water Purifier,/emi-network-water-purifiers-on-emi
310,Air Purifier,/emi-network-air-purifiers
311,Room Heater,/emi-network-room-heater
322,Television,/emi-network-led-and-lcd-tvs-on-emi
323,Laptop,/emi-network-laptop-on-emi
324,Mobile Phone,/emi-network-emi-mobile
325,Camera,/emi-network-camera-on-emi
326,Tablets,/emi-network-tablets-on-emi
339,Mobile Phones,/emi-network-emi-mobile
340,Laptops,/emi-network-laptop-on-emi
353,MakeMytrip,/shop-online-make-my-trip
354,Yatra,/shop-online-yatra
355,Goibibo,/shop-online-goibibo
356,MakeMytrip,/shop-online-make-my-trip
357,Yatra,/shop-online-yatra
358,Goibibo,/shop-online-goibibo
359,MakeMytrip,/shop-online-make-my-trip
360,Yatra,/shop-online-yatra
361,Goibibo,/shop-online-goibibo
363,Modular Kitchen,/emi-network-modular-kitchen-on-emi
364,Mattresses,/emi-network-mattress-on-emi
365,Power BackupInverters and Batteries,/emi-network-invertors-on-emi
366,Home painting,/emi-network-home-painting-services-on-emi
379,Multispeciality Hospitals,/emi-network-multispeciality
380,Hair Restoration and Cosmetic Surgery,/emi-network-hair-transplant-cosmetic-surgery
381,Slimming  Beauty Treatment,/emi-network-slimming-on-emi
382,Dental Care,/emi-network-dental-care-on-emi
383,Eye Care,/emi-network-eye-care-on-emi
384,Stemcell Banking,/emi-network-stemcell-banking-on-emi
385,IVF and Maternity Care,/emi-network-maternity-care-on-emi
386,Hearing Aid,/emi-network-hearing-aid-on-emis
387,Diagnostic Care,/emi-network-diagnostic-care-on-emis
388,Wellness Services,/emi-network-wellness-services-on-emi
389,Homeopathy,/world-homeopathy-day-10th-april
402,Fitness Equipment,/emi-network-sports-fitness-travel
404,Domestic  International Holiday Package,/emi-network-holiday-packages-on-emi
430,Car Tyres and Accessories,/emi-network-other-items-on-emi
431,Education and Professional courses,/emi-network-other-items-on-emi
450,MakeMytrip,/shop-online-make-my-trip
451,Yatra,/shop-online-yatra
452,Goibibo,/shop-online-goibibo
453,MakeMytrip,/shop-online-make-my-trip
454,Yatra,/shop-online-yatra
455,Goibibo,/shop-online-goibibo
456,MakeMytrip,/shop-online-make-my-trip
457,Yatra,/shop-online-yatra
458,Goibibo,/shop-online-goibibo
459,Get It Now,/check-pre-approved-emi-card-offer
473,Mortgage Loan,/mortgage-loan
474,Loan Against Property Eligibility,/loan-against-property-eligibility-and-documents
475,Reviews,/loan-against-property-reviews
476,Education Loan on Property,/education-loan-on-property
477,Gold Loan Interest rate,/gold-loan-fees-and-interest-rates
478,Gold Loan Eligibility,/gold-loan-eligibility-and-documents
479,FAQs,/gold-loan-faq-questions
480,Health Insurance,/health-insurance
481,Life Insurance,/life-insurance
482,Motor Insurance,/motor-insurance
483,Home Insurance,/home-insurance
484,Check Pre Approved Offer,/check-pre-approved-emi-card-offer
485,How to Apply,/emi-network-emi-card-how-to-apply
486,EMI Network Card,/emi-network-emi-card
487,Insta EMI Card,/insta-emi-network-card-apply-online
488,Gold Loan,/gold-loan
489,Loan Against Fixed Deposit,/loan-against-fixed-deposit
490,Loan Against Securities,/loan-against-shares
491,Insurance Offer,/check-pre-approved-hdfc_pasa-offers
492,Home Loan,/home-loan
493,Home Loan Balance Transfer,/home-loan-balance-transfer
494,Apply Now,/home-loan-application-form
495,Gold Loan Interest rate,/gold-loan-fees-and-interest-rates
496,Gold Loan Eligibility,/gold-loan-eligibility-and-documents
497,FAQs,/gold-loan-faq-questions
498,Fixed Deposit,/fixed-deposit
499,Mutual Funds,/mutual-funds
500,Online Trading,/open-demat-trading-account-online
501,Apply Now,/apply-for-doctor-loan
502,Home Loan for Doctors,/home-loan-for-doctors
503,Personal Loan for Doctors,/personal-loan-for-doctors
504,Business Loan for Doctors,/business-loan-for-doctors
505,Loan Against Property For Doctors,/loan-against-property-for-doctors
506,Indemnity Insurance,/professional-indemnity-insurance-policy-for-doctors
507,New,/professional-indemnity-insurance-policy-for-doctors
509,Apply Now,/loan-against-car-application-form
510,New,/loan-against-car-application-form
511,Product Information,/loan-against-car
512,FAQ's,/loan-against-car-faqs
513,Apply Now,/car-loan-balance-transfer-application-form
514,New,/car-loan-balance-transfer-application-form
515,Product Information,/car-loan-balance-transfer-and-top-up
516,FAQ's,/car-loan-balance-transfer-and-top-up-faqs
518,Product Information,/bajaj-finserv-wallet-digital-emi-network-card
519,Reviews,/bajaj-finserv-wallet-reviews
520,Contact Us,/bajaj-finserv-wallet-contact-us
521,Extended Warranty,/extended-warranty
522,Financial Fitness Report,/financial-fitness-report
523,Asset Care,/asset-care
524,Check PreApproved Offer,apply-for-credit-card?utm_source=Website&utm_medium=Organic&utm_campaign=apply__now
525,New,apply-for-credit-card?utm_source=Website&utm_medium=Organic&utm_campaign=apply__now
526,Product Info,/super-card
527,How to Apply,/how-to-apply-for-a-credit-card
528,Contact Us,/credit-card-contact-details
529,Gold Loan Interest rate,/gold-loan-fees-and-interest-rates
530,Gold Loan Eligibility,/gold-loan-eligibility-and-documents
531,FAQs,/gold-loan-faq-questions
532,Apply Now,/home-loan-form
533,PMAY,/home-loan-pradhan-mantri-awas-yojana
534,Flexi Home Loan,/flexi-hybrid-home-loan
535,Home Loan Balance Transfer,/home-loan-balance-transfer
536,Extended Warranty,/extended-warranty
537,Health Insurance,/health-insurance
538,Life Insurance,/life-insurance
539,Motor Insurance,/motor-insurance
540,Home Insurance,/home-insurance
541,Extended Warranty,/extended-warranty
542,Financial Fitness Report,/financial-fitness-report
543,Asset Care,/asset-care
544,Check Preapproved Offer,/check-pre-approved-business-loan-offer
545,New,/check-pre-approved-business-loan-offer
546,Product Information,/business-loan
547,Calculator,/business-loan-emi-calculator
548,FAQs,/business-loan-faq-questions
549,Reviews,/business-loan-reviews
550,Gold Loan Interest rate,/gold-loan-fees-and-interest-rates
551,Gold Loan Eligibility,/gold-loan-eligibility-and-documents
552,FAQs,/gold-loan-faq-questions
553,Check Preapproved Offer,/check-pre-approved-ca-loan-offer
554,New,/check-pre-approved-ca-loan-offer
555,Personal Loan For Chartered Accountants,/personal-loan-for-chartered-accountants
556,Business Loan For Chartered Accountants,/business-loan-for-chartered-accountants
557,Loan Against Property For Chartered Accountants,/loan-against-property-chartered-accountants
558,Product Information,/secured-business-loan
559,Apply Now,/secured-business-loan-form
560,Loan Against Property Eligibility,/loan-against-property-eligibility-and-documents
561,Loan Against Property Interest Rates,/loan-against-property-fees-and-interest-rates
562,Loan Against Property Calculator,/loan-against-property-emi-calculator
563,Mortgage Loan,/mortgage-loan
564,FAQs,/loan-against-property-faq-questions
565,Product Information,/two-and-three-wheeler-loan
566,FAQs,/two-and-three-wheeler-loan-faqs
567,Reviews,/two-and-three-wheeler-loan-reviews
568,Features and Benefits,/nri-fixed-deposit
569,Calculator,/nri-fixed-deposit-calculators
570,Invest Now,fixed-deposit-application-form
571,Features And Benefits,fixed-deposit-systematic-deposit-plan
572,Systematic Deposit Plan SDP calculator,sdp-calculators
573,Platinum Choice SuperCard,/rbl-bank-platinum-choice-supercard
574,Platinum Choice FirstYearFree SuperCard,/rbl-bank-platinum-choice-fyf-supercard
575,Platinum Plus SuperCard,/rbl-bank-platinum-plus-supercard
576,Platinum Plus FirstYearFree SuperCard,/rbl-bank-platinum-plus-fyf-supercard
577,World Prime SuperCard,/rbl-world-prime-supercard
578,World Plus SuperCard,/rbl-bank-world-plus-supercard
579,Doctor SuperCard,/rbl-bank-doctor-supercard
580,Shop Smart SuperCard,/rbl-bank-shop-smart-supercard
581,Travel Easy SuperCard,/rbl-bank-travel-easy-supercard
582,Value Plus SuperCard,/rbl-bank-value-plus-supercard
583,CA SuperCard,/rbl-bank-ca-supercard
584,Platinum LifeEasy SuperCard,/rbl-bank-platinum-life-easy-supercard
585,Platinum ShopDaily SuperCard,/rbl-bank-platinum-shopdaily-supercard
586,Platinum Edge SuperCard,/rbl-bank-platinum-edge-supercard
587,Freedom SuperCard,/rbl-bank-freedom-supercard
588,Platinum ShopGain SuperCard,/rbl-bank-platinum-shopgain-supercard
589,Platinum Advantage SuperCard,/rbl-bank-platinum-advantage-supercard
595,Product Information,/life-insurance
596,FAQs,/life-insurance-faqs
597,Product Information,/life-insurance-protection-plans
598,Third Party Bike Insurance,/third-party-two-wheeler-insurance
599,Add on Cover,/two-wheeler-insurance-add-on-covers
600,FAQs,/two-wheeler-insurance-frequently-asked-questions
601,Product Information,/life-insurance-investment-plans
602,Product Information,/life-insurance-retirement-pension-plans
603,Wallet Care,/wallet-protect-card-protection-insurance-plan
604,Price Protection Cover,/price-protection-insurance-cover
605,Purse Care,/purse-care-insurance-policy
606,Fraudulent Charges Cover,/fraudulent-charges-insurance-cover
607,View More,/pocket-insurance-plan?title=Assistance
608,COVID Protection Cover,/covid-19-protection-cover
609,Adventure Cover,/adventure-sports-insurance-cover
610,Dengue Cover,/dengue-insurance-policy
611,View More,/pocket-insurance-plan?title=Health
612,Trek Cover,/trekking-travel-insurance-policy
613,Domestic Holiday Cover,/domestic-travel-insurance-policy-plans
614,Pilgrimage Cover,/pilgrimage-holiday-insurance-plans
615,View More,/pocket-insurance-plan?title=Travel
616,Product Information,/vhealth-card
641,NIKON,/emi-network-nikon-camera
642,SONY,/emi-network-sony-camera
643,TAMRON,/emi-network-tamron-lenses
644,GOOGLE,/emi-network-google-pixel
645,LAVA,/emi-network-lava-mobiles
646,MOTOROLA,/emi-network-motorola-mobile-phones
647,OPPO,/emi-network-oppo-mobile-phones
648,TECNO,/emi-network-tecno-mobiles
649,VIVO,/emi-network-vivo-mobile-phones
650,POORVIKA MOBILES,/emi-network-poorvika-mobiles
651,SUPREME MOBILES,/emi-network-supreme-mobiles
652,B NEW MOBILES,/emi-network-bnew-mobiles
653,MY G DIGITAL HUB,/emi-network-myg
654,SS COMMUNICATION,/emi-network-ss-communication
655,HAPPI MOBILES,/emi-network-happi-mobiles
656,ZEBRS,/emi-network-zebrs
657,HAIER,/emi-network-haier-washing-machines
658,LG,/emi-network-lg-washing-machines
659,LLOYD,/emi-network-lloyd-washing-machines
660,ONIDA,/emi-network-onida-washing-machine
661,WHIRLPOOL,/emi-network-whirlpool-washing-machine
662,A O SMITH,/emi-network-ao-smith
663,LG,/emi-network-lg-water-purifiers
664,ICA,/emi-network-ica-courses
665,ALLEN CAREER INSTITUTE,/emi-network-allen-career-institute
666,AAKASH INSTITUTE,/emi-network-aakash-institute-neet-iit-jee-coaching
667,Pepperfry,/shop-online-pepperfry
668,Seniority,/shop-online-seniority
669,Curefit,/shop-online-curefit
670,DH,/shop-online-d2h
671,DishTV,/shop-online-dishtv
672,Make My Trip,/shop-online-make-my-trip
673,Goibibo,/shop-online-goibibo
674,Yatra,/shop-online-yatra
675,Ease My Trip,/shop-online-ease-my-trip
676,MakeMytrip,/shop-online-make-my-trip
677,Yatra,/shop-online-yatra
678,Goibibo,/shop-online-goibibo
679,MakeMytrip,/shop-online-make-my-trip
680,Yatra,/shop-online-yatra
681,Goibibo,/shop-online-goibibo
682,MakeMytrip,/shop-online-make-my-trip
683,Yatra,/shop-online-yatra
684,Goibibo,/shop-online-goibibo
697,Apollo Hospitals,/lifecare-services-at-apollo-hospitals
698,Manipal Hospitals,/lifecare-services-at-manipal-hospitals
699,Ruby Hall Clinic,/emi-network-ruby-hall-clinic
700,Casuals,/emi-network-mens-fashion-on-emi
701,Formals,/emi-network-mens-fashion-on-emi
702,Traditional,/emi-network-mens-fashion-on-emi
703,Shoes And More,/emi-network-mens-fashion-on-emi
704,Sportswear,/emi-network-mens-fashion-on-emi
705,Sunglasses,/emi-network-mens-fashion-on-emi
706,Watches,/emi-network-mens-fashion-on-emi
707,Kids wear,/emi-network-mens-fashion-on-emi
719,MakeMytrip,/shop-online-make-my-trip
720,Yatra,/shop-online-yatra
721,Goibibo,/shop-online-goibibo
722,MakeMytrip,/shop-online-make-my-trip
723,Yatra,/shop-online-yatra
724,Goibibo,/shop-online-goibibo
725,MakeMytrip,/shop-online-make-my-trip
726,Yatra,/shop-online-yatra
727,Goibibo,/shop-online-goibibo
740,Fixed Deposits,/fixed-deposit
741,Mutual Funds,/mutual-funds
742,Demat Account,/open-demat-trading-account-online
744,Credit Card,/credit-card
745,Credit Card Contact Details,/rbl-credit-card-contact-details
746,Apply Now,/apply-for-doctor-loan
747,Home Loan for Doctors,/home-loan-for-doctors
748,Personal Loan for Doctors,/personal-loan-for-doctors
749,Business Loan for Doctors,/business-loan-for-doctors
750,Loan Against Property For Doctors,/loan-against-property-for-doctors
751,Indemnity Insurance,/professional-indemnity-insurance-policy-for-doctors
752,New,/professional-indemnity-insurance-policy-for-doctors
753,Apply Now,/chartered-accountant-loan-application-form
754,Home Loan For Chartered Accountants,/home-loan-for-chartered-accountants
755,Personal Loan For Chartered Accountants,/personal-loan-for-chartered-accountants
756,Business Loan For Chartered Accountants,/business-loan-for-chartered-accountants
757,Loan Against Property For Chartered Accountants,/loan-against-property-chartered-accountants
759,Product Information,/bajaj-finserv-wallet-digital-emi-network-card
760,Reviews,/bajaj-finserv-wallet-reviews
761,Contact Us,/bajaj-finserv-wallet-contact-us
762,Extended Warranty,/extended-warranty
763,Financial Fitness Report,/financial-fitness-report
764,Assets Care,/asset-care
765,Apply Now,/chartered-accountant-loan-application-form
766,Home Loan For Chartered Accountants,/home-loan-for-chartered-accountants
767,Personal Loan For Chartered Accountants,/personal-loan-for-chartered-accountants
768,Business Loan For Chartered Accountants,/business-loan-for-chartered-accountants
769,Loan Against Property For Chartered Accountants,/loan-against-property-chartered-accountants
770,Health insurance,/health-insurance
771,Life Insurance,/life-insurance
772,Motor Insurance,/motor-insurance
773,Home Insurance,/home-insurance
774,Check Pre Approved Offer,/check-pre-approved-emi-card-offer
775,EMI Network Card,/emi-network-emi-card
776,How to Apply,/emi-network-emi-card-how-to-apply
777,Insta EMI Card,/insta-emi-network-card-apply-online
778,Insurance Offer,/check-pre-approved-hdfc_pasa-offers
779,Loan Against Property,/loan-against-property
780,Mortgage Loan,/mortgage-loan
781,Gold Loan,/gold-loan
782,Loan Against Fixed Deposit,/loan-against-fixed-deposit
783,Loan Against Shares,/loan-against-shares
784,Apply Now,/car-loan-balance-transfer-application-form
785,New,/car-loan-balance-transfer-application-form
786,Product Information,/car-loan-balance-transfer-and-top-up
787,FAQ's,/car-loan-balance-transfer-and-top-up-faqs
789,Product Information,/bajaj-finserv-wallet-digital-emi-network-card
790,Reviews,/bajaj-finserv-wallet-reviews
791,Contact Us,/bajaj-finserv-wallet-contact-us
792,Check Pre Approved Offer,/check-pre-approved-emi-card-offer
793,How to Apply,/emi-network-emi-card-how-to-apply
794,EMI Network Card,/emi-network-emi-card
795,Insta EMI Card,/insta-emi-network-card-apply-online
796,Fixed Deposit,/fixed-deposit
797,Mutual Funds,/mutual-funds
798,Online Trading,/open-demat-trading-account-online
799,Insurance Offer,/check-pre-approved-hdfc_pasa-offers
800,Check Preapproved Offer,/check-pre-approved-home-loan-offer
801,New,/check-pre-approved-home-loan-offer
802,PMAY,/home-loan-pradhan-mantri-awas-yojana
803,Home Loan EMI Calculator,/home-loan-emi-calculator
804,Home Loan Eligibility Calculator,/home-loan-eligibility-calculator
805,Home Loan Balance Transfer,/home-loan-balance-transfer
806,Top Up Loan,/top-up-loan
807,FAQs,/home-loan-faq-questions
808,Product Information,/loan-against-shares
809,FAQs,/loan-against-shares-faq-questions
810,Reviews,/loan-against-shares-reviews
811,Product Information,/lease-rental-discounting
812,FAQs,/lease-rental-discounting-faqs
813,Reviews,/lease-rental-discounting-reviews
814,Product Information,/travel-insurance
815,Product Information,/professional-indemnity-insurance-policy-for-doctors
816,Eyewear Assure,/eyewear-assure
817,Watch Secure,/watch-insurance-cover
818,Washing Machine Insurance,/washing-machine-insurance
819,View More,/pocket-insurance-plan?title=Lifestyle
820,ELGI ULTRA,/emi-network-elgiultra-kitchen-appliances
821,HAFELE,/emi-network-hafele-india
822,HAIER,/emi-network-haier-refrigerator
823,HITACHI,/emi-network-hitachi-refrigerator
824,LG,/emi-network-lg-refrigerator
825,WHIRLPOOL,/emi-network-whirlpool-refrigerator
826,APOLLO HOSPITALS,/emi-network-apollo-hospitals
827,RUBY HALL CLINIC,/emi-network-ruby-hall-clinic
828,VLCC,/emi-network-vlcc
829,DR BATRA,/emi-network-lifecare-services-at-drbatra
830,RICHFEEL,/emi-network-richfeel
831,NARAYANA NETHRALAYA,/emi-network-narayana-nethralaya
832,SUBURBAN DIAGNOSTICS,/emi-network-suburban-diagnostics
833,OASIS FERTILITY,/emi-network-oasis-fertility
834,SABKA DENTIST,/emi-network-sabka-dentist
835,SONY,/emi-network-sony-audio-systems
836,ATHOME,/emi-network-at-home
837,HOME TOWN,/emi-network-home-town
838,LIBRA MATTRESS,/emi-network-libra-mattress
